State,FullStateName,ZipCode,TaxRegionName,StateRate,EstimatedCombinedRate,EstimatedCountyRate,EstimatedCityRate,EstimatedSpecialRate,RiskLevel
NJ,New Jersey,7001,WOODBRIDGE TOWNSHIP ,0.06625,0.06625,0,0,0,0
NJ,New Jersey,7002,"BAYONNE CITY, NJ",0.06625,0.06625,0,0,0,0
NJ,New Jersey,7003,BLOOMFIELD ,0.06625,0.06625,0,0,0,0
NJ,New Jersey,7004,FAIRFIELD TOWNSHIP(ESSEX COUNTY),0.06625,0.06625,0,0,0,0
NJ,New Jersey,7005,BOONTON CITY,0.06625,0.06625,0,0,0,0
NJ,New Jersey,7006,CALDWELL,0.06625,0.06625,0,0,0,0
NJ,New Jersey,7007,WEST CALDWELL ,0.06625,0.06625,0,0,0,0
NJ,New Jersey,7008,CARTERET CITY,0.06625,0.06625,0,0,0,0
NJ,New Jersey,7009,CEDAR GROVE CITY,0.06625,0.06625,0,0,0,0
NJ,New Jersey,7010,CLIFFSIDE PARK,0.06625,0.06625,0,0,0,0
NJ,New Jersey,7011,CLIFTON CITY,0.06625,0.06625,0,0,0,0
NJ,New Jersey,7012,CLIFTON CITY,0.06625,0.06625,0,0,0,0
NJ,New Jersey,7013,CLIFTON CITY,0.06625,0.06625,0,0,0,0
NJ,New Jersey,7014,CLIFTON CITY,0.06625,0.06625,0,0,0,0
NJ,New Jersey,7015,CLIFTON CITY,0.06625,0.06625,0,0,0,0
NJ,New Jersey,7016,"CRANFORD CITY, NJ",0.06625,0.06625,0,0,0,0
NJ,New Jersey,7017,EAST ORANGE,0.06625,0.06625,0,0,0,0
NJ,New Jersey,7018,EAST ORANGE,0.06625,0.06625,0,0,0,0
NJ,New Jersey,7019,EAST ORANGE,0.06625,0.06625,0,0,0,0
NJ,New Jersey,7020,EDGEWATER,0.06625,0.06625,0,0,0,0
NJ,New Jersey,7021,ESSEX FELLS,0.06625,0.06625,0,0,0,0
NJ,New Jersey,7022,FAIRVIEW,0.06625,0.06625,0,0,0,0
NJ,New Jersey,7023,FANWOOD,0.06625,0.06625,0,0,0,0
NJ,New Jersey,7024,FORT LEE BOROUGH,0.06625,0.06625,0,0,0,0
NJ,New Jersey,7026,GARFIELD CITY,0.06625,0.06625,0,0,0,0
NJ,New Jersey,7027,GARWOOD  BOROUGH,0.06625,0.06625,0,0,0,0
NJ,New Jersey,7028,GLEN RIDGE BOROUGH,0.06625,0.06625,0,0,0,0
NJ,New Jersey,7029,HARRISON,0.06625,0.06625,0,0,0,0
NJ,New Jersey,7030,HOBOKEN,0.06625,0.06625,0,0,0,0
NJ,New Jersey,7031,NORTH ARLINGTON,0.06625,0.06625,0,0,0,0
NJ,New Jersey,7032,KEARNY,0.06625,0.06625,0,0,0,0
NJ,New Jersey,7033,KENILWORTH,0.06625,0.06625,0,0,0,0
NJ,New Jersey,7034,PARSIPPANY TROY HILLS TOWNSHIP,0.06625,0.06625,0,0,0,0
NJ,New Jersey,7035,LINCOLN PARK,0.06625,0.06625,0,0,0,0
NJ,New Jersey,7036,LINDEN,0.06625,0.06625,0,0,0,0
NJ,New Jersey,7039,LIVINGSTON,0.06625,0.06625,0,0,0,0
NJ,New Jersey,7040,MAPLEWOOD TOWNSHIP,0.06625,0.06625,0,0,0,0
NJ,New Jersey,7041,MILLBURN,0.06625,0.06625,0,0,0,0
NJ,New Jersey,7042,MONTCLAIR TOWNSHIP,0.06625,0.06625,0,0,0,0
NJ,New Jersey,7043,MONTCLAIR TOWNSHIP,0.06625,0.06625,0,0,0,0
NJ,New Jersey,7044,VERONA,0.06625,0.06625,0,0,0,0
NJ,New Jersey,7045,MONTVILLE TOWNSHIP,0.06625,0.06625,0,0,0,0
NJ,New Jersey,7046,MOUNTAIN LAKES BOROUGH,0.06625,0.06625,0,0,0,0
NJ,New Jersey,7047,NORTH BERGEN ,0.06625,0.06625,0,0,0,0
NJ,New Jersey,7050,ORANGE,0.06625,0.06625,0,0,0,0
NJ,New Jersey,7051,ORANGE,0.06625,0.06625,0,0,0,0
NJ,New Jersey,7052,WEST ORANGE ,0.06625,0.06625,0,0,0,0
NJ,New Jersey,7054,PARSIPPANY TROY HILLS TOWNSHIP,0.06625,0.06625,0,0,0,0
NJ,New Jersey,7055,PASSAIC  CITY,0.06625,0.06625,0,0,0,0
NJ,New Jersey,7057,WALLINGTON ,0.06625,0.06625,0,0,0,0
NJ,New Jersey,7058,MONTVILLE TOWNSHIP,0.06625,0.06625,0,0,0,0
NJ,New Jersey,7059,WARREN TOWNSHIP ,0.06625,0.06625,0,0,0,0
NJ,New Jersey,7060,PLAINFIELD,0.06625,0.06625,0,0,0,0
NJ,New Jersey,7061,PLAINFIELD,0.06625,0.06625,0,0,0,0
NJ,New Jersey,7062,PLAINFIELD,0.06625,0.06625,0,0,0,0
NJ,New Jersey,7063,PLAINFIELD,0.06625,0.06625,0,0,0,0
NJ,New Jersey,7064,WOODBRIDGE TOWNSHIP ,0.06625,0.06625,0,0,0,0
NJ,New Jersey,7065,RAHWAY,0.06625,0.06625,0,0,0,0
NJ,New Jersey,7066,CLARK CITY,0.06625,0.06625,0,0,0,0
NJ,New Jersey,7067,WOODBRIDGE TOWNSHIP ,0.06625,0.06625,0,0,0,0
NJ,New Jersey,7068,ROSELAND,0.06625,0.06625,0,0,0,0
NJ,New Jersey,7069,WATCHUNG ,0.06625,0.06625,0,0,0,0
NJ,New Jersey,7070,RUTHERFORD,0.06625,0.06625,0,0,0,0
NJ,New Jersey,7071,LYNDHURST,0.06625,0.06625,0,0,0,0
NJ,New Jersey,7072,CARLSTADT,0.06625,0.06625,0,0,0,0
NJ,New Jersey,7073,EAST RUTHERFORD,0.06625,0.06625,0,0,0,0
NJ,New Jersey,7074,MOONACHIE,0.06625,0.06625,0,0,0,0
NJ,New Jersey,7075,WOOD RIDGE ,0.06625,0.06625,0,0,0,0
NJ,New Jersey,7076,SCOTCH PLAINS,0.06625,0.06625,0,0,0,0
NJ,New Jersey,7077,WOODBRIDGE TOWNSHIP ,0.06625,0.06625,0,0,0,0
NJ,New Jersey,7078,MILLBURN,0.06625,0.06625,0,0,0,0
NJ,New Jersey,7079,SOUTH ORANGE VILLAGE,0.06625,0.06625,0,0,0,0
NJ,New Jersey,7080,SOUTH PLAINFIELD ,0.06625,0.06625,0,0,0,0
NJ,New Jersey,7081,SPRINGFIELD TOWNSHIP (UNION COUNTY),0.06625,0.06625,0,0,0,0
NJ,New Jersey,7082,MONTVILLE TOWNSHIP,0.06625,0.06625,0,0,0,0
NJ,New Jersey,7083,UNION TOWNSHIP (UNION COUNTY),0.06625,0.06625,0,0,0,0
NJ,New Jersey,7086,WEEHAWKEN ,0.06625,0.06625,0,0,0,0
NJ,New Jersey,7087,UNION CITY ,0.06625,0.06625,0,0,0,0
NJ,New Jersey,7088,UNION TOWNSHIP (UNION COUNTY),0.06625,0.06625,0,0,0,0
NJ,New Jersey,7090,WESTFIELD ,0.06625,0.06625,0,0,0,0
NJ,New Jersey,7091,WESTFIELD ,0.06625,0.06625,0,0,0,0
NJ,New Jersey,7092,MOUNTAINSIDE BOROUGH,0.06625,0.06625,0,0,0,0
NJ,New Jersey,7093,WEST NEW YORK ,0.06625,0.06625,0,0,0,0
NJ,New Jersey,7094,SECAUCUS,0.06625,0.06625,0,0,0,0
NJ,New Jersey,7095,WOODBRIDGE TOWNSHIP ,0.06625,0.06625,0,0,0,0
NJ,New Jersey,7096,SECAUCUS,0.06625,0.06625,0,0,0,0
NJ,New Jersey,7097,JERSEY CITY,0.06625,0.06625,0,0,0,0
NJ,New Jersey,7099,KEARNY,0.06625,0.06625,0,0,0,0
NJ,New Jersey,7101,NEWARK,0.06625,0.06625,0,0,0,0
NJ,New Jersey,7102,NEWARK,0.06625,0.06625,0,0,0,0
NJ,New Jersey,7103,NEWARK,0.06625,0.06625,0,0,0,0
NJ,New Jersey,7104,NEWARK CITY,0.06625,0.06625,0,0,0,0
NJ,New Jersey,7105,NEWARK CITY,0.06625,0.06625,0,0,0,0
NJ,New Jersey,7106,NEWARK CITY,0.06625,0.06625,0,0,0,0
NJ,New Jersey,7107,NEWARK CITY,0.06625,0.06625,0,0,0,0
NJ,New Jersey,7108,NEWARK,0.06625,0.06625,0,0,0,0
NJ,New Jersey,7109,BELLEVILLE CITY,0.06625,0.06625,0,0,0,0
NJ,New Jersey,7110,NUTLEY TOWNSHIP,0.06625,0.06625,0,0,0,0
NJ,New Jersey,7111,IRVINGTON,0.06625,0.06625,0,0,0,0
NJ,New Jersey,7112,NEWARK CITY,0.06625,0.06625,0,0,0,0
NJ,New Jersey,7114,NEWARK,0.06625,0.06625,0,0,0,0
NJ,New Jersey,7175,NEWARK,0.06625,0.06625,0,0,0,0
NJ,New Jersey,7201,ELIZABETH ,0.06625,0.06625,0,0,0,0
NJ,New Jersey,7202,ELIZABETH ,0.06625,0.06625,0,0,0,0
NJ,New Jersey,7203,ROSELLE,0.06625,0.06625,0,0,0,0
NJ,New Jersey,7204,ROSELLE PARK,0.06625,0.06625,0,0,0,0
NJ,New Jersey,7205,HILLSIDE,0.06625,0.06625,0,0,0,0
NJ,New Jersey,7206,ELIZABETH ,0.06625,0.06625,0,0,0,0
NJ,New Jersey,7207,ELIZABETH ,0.06625,0.06625,0,0,0,0
NJ,New Jersey,7208,ELIZABETH ,0.06625,0.06625,0,0,0,0
NJ,New Jersey,7302,JERSEY CITY,0.06625,0.06625,0,0,0,0
NJ,New Jersey,7303,JERSEY CITY,0.06625,0.06625,0,0,0,0
NJ,New Jersey,7304,JERSEY CITY,0.06625,0.06625,0,0,0,0
NJ,New Jersey,7305,JERSEY CITY,0.06625,0.06625,0,0,0,0
NJ,New Jersey,7306,JERSEY CITY,0.06625,0.06625,0,0,0,0
NJ,New Jersey,7307,JERSEY CITY,0.06625,0.06625,0,0,0,0
NJ,New Jersey,7310,JERSEY CITY,0.06625,0.06625,0,0,0,0
NJ,New Jersey,7311,JERSEY CITY,0.06625,0.06625,0,0,0,0
NJ,New Jersey,7395,JERSEY CITY,0.06625,0.06625,0,0,0,0
NJ,New Jersey,7399,JERSEY CITY,0.06625,0.06625,0,0,0,0
NJ,New Jersey,7401,ALLENDALE CITY,0.06625,0.06625,0,0,0,0
NJ,New Jersey,7403,BLOOMINGDALE CITY,0.06625,0.06625,0,0,0,0
NJ,New Jersey,7405,BUTLER CITY,0.06625,0.06625,0,0,0,0
NJ,New Jersey,7407,ELMWOOD PARK,0.06625,0.06625,0,0,0,0
NJ,New Jersey,7410,FAIR LAWN,0.06625,0.06625,0,0,0,0
NJ,New Jersey,7416,FRANKLIN BOROUGH,0.06625,0.06625,0,0,0,0
NJ,New Jersey,7417,FRANKLIN LAKES BOROUGH,0.06625,0.06625,0,0,0,0
NJ,New Jersey,7418,VERNON TOWNSHIP ,0.06625,0.06625,0,0,0,0
NJ,New Jersey,7419,HARDYSTON TOWNSHIP,0.06625,0.06625,0,0,0,0
NJ,New Jersey,7420,WANAQUE,0.06625,0.06625,0,0,0,0
NJ,New Jersey,7421,WEST MILFORD ,0.06625,0.06625,0,0,0,0
NJ,New Jersey,7422,VERNON TOWNSHIP ,0.06625,0.06625,0,0,0,0
NJ,New Jersey,7423,HO HO KUS,0.06625,0.06625,0,0,0,0
NJ,New Jersey,7424,LITTLE FALLS,0.06625,0.06625,0,0,0,0
NJ,New Jersey,7428,VERNON TOWNSHIP ,0.06625,0.06625,0,0,0,0
NJ,New Jersey,7430,MAHWAH TOWNSHIP,0.06625,0.06625,0,0,0,0
NJ,New Jersey,7432,MIDLAND PARK,0.06625,0.06625,0,0,0,0
NJ,New Jersey,7435,WEST MILFORD ,0.06625,0.06625,0,0,0,0
NJ,New Jersey,7436,OAKLAND BOROUGH,0.06625,0.06625,0,0,0,0
NJ,New Jersey,7438,JEFFERSON TOWNSHIP,0.06625,0.06625,0,0,0,0
NJ,New Jersey,7439,OGDENSBURG BOROUGH,0.06625,0.06625,0,0,0,0
NJ,New Jersey,7440,PEQUANNOCK TOWNSHIP,0.06625,0.06625,0,0,0,0
NJ,New Jersey,7442,POMPTON LAKES,0.06625,0.06625,0,0,0,0
NJ,New Jersey,7444,PEQUANNOCK TOWNSHIP,0.06625,0.06625,0,0,0,0
NJ,New Jersey,7446,RAMSEY,0.06625,0.06625,0,0,0,0
NJ,New Jersey,7450,RIDGEWOOD,0.06625,0.06625,0,0,0,0
NJ,New Jersey,7451,RIDGEWOOD,0.06625,0.06625,0,0,0,0
NJ,New Jersey,7452,GLEN ROCK BOROUGH,0.06625,0.06625,0,0,0,0
NJ,New Jersey,7456,RINGWOOD,0.06625,0.06625,0,0,0,0
NJ,New Jersey,7457,RIVERDALE,0.06625,0.06625,0,0,0,0
NJ,New Jersey,7458,UPPER SADDLE RIVER ,0.06625,0.06625,0,0,0,0
NJ,New Jersey,7460,HARDYSTON TOWNSHIP,0.06625,0.06625,0,0,0,0
NJ,New Jersey,7461,WANTAGE TOWNSHIP ,0.06625,0.06625,0,0,0,0
NJ,New Jersey,7462,VERNON TOWNSHIP ,0.06625,0.06625,0,0,0,0
NJ,New Jersey,7463,WALDWICK,0.06625,0.06625,0,0,0,0
NJ,New Jersey,7465,WANAQUE,0.06625,0.06625,0,0,0,0
NJ,New Jersey,7470,WAYNE ,0.06625,0.06625,0,0,0,0
NJ,New Jersey,7474,WAYNE ,0.06625,0.06625,0,0,0,0
NJ,New Jersey,7480,WEST MILFORD ,0.06625,0.06625,0,0,0,0
NJ,New Jersey,7481,WYCKOFF,0.06625,0.06625,0,0,0,0
NJ,New Jersey,7495,MAHWAH TOWNSHIP,0.06625,0.06625,0,0,0,0
NJ,New Jersey,7501,PATERSON,0.06625,0.06625,0,0,0,0
NJ,New Jersey,7502,PATERSON CITY,0.06625,0.06625,0,0,0,0
NJ,New Jersey,7503,PATERSON,0.06625,0.06625,0,0,0,0
NJ,New Jersey,7504,PATERSON CITY,0.06625,0.06625,0,0,0,0
NJ,New Jersey,7505,PATERSON,0.06625,0.06625,0,0,0,0
NJ,New Jersey,7506,HAWTHORNE,0.06625,0.06625,0,0,0,0
NJ,New Jersey,7507,HAWTHORNE,0.06625,0.06625,0,0,0,0
NJ,New Jersey,7508,HALEDON  BOROUGH,0.06625,0.06625,0,0,0,0
NJ,New Jersey,7509,PATERSON,0.06625,0.06625,0,0,0,0
NJ,New Jersey,7510,PATERSON,0.06625,0.06625,0,0,0,0
NJ,New Jersey,7511,TOTOWA ,0.06625,0.06625,0,0,0,0
NJ,New Jersey,7512,TOTOWA ,0.06625,0.06625,0,0,0,0
NJ,New Jersey,7513,PATERSON CITY,0.06625,0.06625,0,0,0,0
NJ,New Jersey,7514,PATERSON CITY,0.06625,0.06625,0,0,0,0
NJ,New Jersey,7522,PATERSON CITY,0.06625,0.06625,0,0,0,0
NJ,New Jersey,7524,PATERSON CITY,0.06625,0.06625,0,0,0,0
NJ,New Jersey,7538,HALEDON  BOROUGH,0.06625,0.06625,0,0,0,0
NJ,New Jersey,7543,PATERSON,0.06625,0.06625,0,0,0,0
NJ,New Jersey,7544,PATERSON,0.06625,0.06625,0,0,0,0
NJ,New Jersey,7601,HACKENSACK,0.06625,0.06625,0,0,0,0
NJ,New Jersey,7602,HACKENSACK,0.06625,0.06625,0,0,0,0
NJ,New Jersey,7603,"BOGOTA CITY, NJ",0.06625,0.06625,0,0,0,0
NJ,New Jersey,7604,HASBROUCK HEIGHTS,0.06625,0.06625,0,0,0,0
NJ,New Jersey,7605,LEONIA,0.06625,0.06625,0,0,0,0
NJ,New Jersey,7606,SOUTH HACKENSACK,0.06625,0.06625,0,0,0,0
NJ,New Jersey,7607,MAYWOOD BOROUGH,0.06625,0.06625,0,0,0,0
NJ,New Jersey,7608,TETERBORO,0.06625,0.06625,0,0,0,0
NJ,New Jersey,7620,ALPINE CITY,0.06625,0.06625,0,0,0,0
NJ,New Jersey,7621,BERGENFIELD CITY,0.06625,0.06625,0,0,0,0
NJ,New Jersey,7624,CLOSTER CITY,0.06625,0.06625,0,0,0,0
NJ,New Jersey,7626,CRESSKILL CITY,0.06625,0.06625,0,0,0,0
NJ,New Jersey,7627,DEMAREST,0.06625,0.06625,0,0,0,0
NJ,New Jersey,7628,DUMONT BOROUGH,0.06625,0.06625,0,0,0,0
NJ,New Jersey,7630,EMERSON,0.06625,0.06625,0,0,0,0
NJ,New Jersey,7631,ENGLEWOOD CITY,0.06625,0.06625,0,0,0,0
NJ,New Jersey,7632,ENGLEWOOD CLIFFS,0.06625,0.06625,0,0,0,0
NJ,New Jersey,7640,HARRINGTON PARK,0.06625,0.06625,0,0,0,0
NJ,New Jersey,7641,HAWORTH,0.06625,0.06625,0,0,0,0
NJ,New Jersey,7642,HILLSDALE,0.06625,0.06625,0,0,0,0
NJ,New Jersey,7643,LITTLE FERRY,0.06625,0.06625,0,0,0,0
NJ,New Jersey,7644,LODI,0.06625,0.06625,0,0,0,0
NJ,New Jersey,7645,MONTVALE,0.06625,0.06625,0,0,0,0
NJ,New Jersey,7646,NEW MILFORD BOROUGH,0.06625,0.06625,0,0,0,0
NJ,New Jersey,7647,NORTHVALE BOROUGH,0.06625,0.06625,0,0,0,0
NJ,New Jersey,7648,NORWOOD BOROUGH,0.06625,0.06625,0,0,0,0
NJ,New Jersey,7649,ORADELL BOROUGH,0.06625,0.06625,0,0,0,0
NJ,New Jersey,7650,PALISADES PARK BOROUGH,0.06625,0.06625,0,0,0,0
NJ,New Jersey,7652,PARAMUS BOROUGH,0.06625,0.06625,0,0,0,0
NJ,New Jersey,7653,PARAMUS BOROUGH,0.06625,0.06625,0,0,0,0
NJ,New Jersey,7656,PARK RIDGE BOROUGH,0.06625,0.06625,0,0,0,0
NJ,New Jersey,7657,RIDGEFIELD,0.06625,0.06625,0,0,0,0
NJ,New Jersey,7660,RIDGEFIELD PARK,0.06625,0.06625,0,0,0,0
NJ,New Jersey,7661,RIVER EDGE,0.06625,0.06625,0,0,0,0
NJ,New Jersey,7662,ROCHELLE PARK,0.06625,0.06625,0,0,0,0
NJ,New Jersey,7663,SADDLE BROOK,0.06625,0.06625,0,0,0,0
NJ,New Jersey,7666,TEANECK ,0.06625,0.06625,0,0,0,0
NJ,New Jersey,7670,TENAFLY,0.06625,0.06625,0,0,0,0
NJ,New Jersey,7675,WESTWOOD ,0.06625,0.06625,0,0,0,0
NJ,New Jersey,7676,WASHINGTON TOWNSHIP (BERGEN COUNTY),0.06625,0.06625,0,0,0,0
NJ,New Jersey,7677,WOODCLIFF LAKE ,0.06625,0.06625,0,0,0,0
NJ,New Jersey,7699,TETERBORO,0.06625,0.06625,0,0,0,0
NJ,New Jersey,7701,RED BANK,0.06625,0.06625,0,0,0,0
NJ,New Jersey,7702,SHREWSBURY,0.06625,0.06625,0,0,0,0
NJ,New Jersey,7703,OCEANPORT BOROUGH,0.06625,0.06625,0,0,0,0
NJ,New Jersey,7704,FAIR HAVEN,0.06625,0.06625,0,0,0,0
NJ,New Jersey,7710,HOWELL TOWNSHIP,0.06625,0.06625,0,0,0,0
NJ,New Jersey,7711,ALLENHURST ,0.06625,0.06625,0,0,0,0
NJ,New Jersey,7712,OCEAN TOWNSHIP (MONMOUTH COUNTY),0.06625,0.06625,0,0,0,0
NJ,New Jersey,7716,ATLANTIC HIGHLANDS,0.06625,0.06625,0,0,0,0
NJ,New Jersey,7717,AVON BY THE SEA CITY,0.06625,0.06625,0,0,0,0
NJ,New Jersey,7718,MIDDLETOWN TOWNSHIP,0.06625,0.06625,0,0,0,0
NJ,New Jersey,7719,WALL TOWNSHIP ,0.06625,0.06625,0,0,0,0
NJ,New Jersey,7720,BRADLEY BEACH CITY,0.06625,0.06625,0,0,0,0
NJ,New Jersey,7721,ABERDEEN TOWNSHIP,0.06625,0.06625,0,0,0,0
NJ,New Jersey,7722,COLTS NECK TOWNSHIP,0.06625,0.06625,0,0,0,0
NJ,New Jersey,7723,"DEAL CITY, NJ",0.06625,0.06625,0,0,0,0
NJ,New Jersey,7724,EATONTOWN,0.06625,0.06625,0,0,0,0
NJ,New Jersey,7726,MANALAPAN TOWNSHIP,0.06625,0.06625,0,0,0,0
NJ,New Jersey,7727,HOWELL TOWNSHIP,0.06625,0.06625,0,0,0,0
NJ,New Jersey,7728,FREEHOLD TOWNSHIP,0.06625,0.06625,0,0,0,0
NJ,New Jersey,7730,HAZLET,0.06625,0.06625,0,0,0,0
NJ,New Jersey,7731,HOWELL TOWNSHIP,0.06625,0.06625,0,0,0,0
NJ,New Jersey,7732,HIGHLANDS,0.06625,0.06625,0,0,0,0
NJ,New Jersey,7733,HOLMDEL TOWNSHIP,0.06625,0.06625,0,0,0,0
NJ,New Jersey,7734,KEANSBURG,0.06625,0.06625,0,0,0,0
NJ,New Jersey,7735,KEYPORT,0.06625,0.06625,0,0,0,0
NJ,New Jersey,7737,MIDDLETOWN TOWNSHIP,0.06625,0.06625,0,0,0,0
NJ,New Jersey,7738,MIDDLETOWN TOWNSHIP,0.06625,0.06625,0,0,0,0
NJ,New Jersey,7739,LITTLE SILVER,0.06625,0.06625,0,0,0,0
NJ,New Jersey,7740,LONG BRANCH,0.06625,0.06625,0,0,0,0
NJ,New Jersey,7746,MARLBORO TOWNSHIP,0.06625,0.06625,0,0,0,0
NJ,New Jersey,7747,MATAWAN BOROUGH,0.06625,0.06625,0,0,0,0
NJ,New Jersey,7748,MIDDLETOWN TOWNSHIP,0.06625,0.06625,0,0,0,0
NJ,New Jersey,7750,MONMOUTH BEACH,0.06625,0.06625,0,0,0,0
NJ,New Jersey,7751,MARLBORO TOWNSHIP,0.06625,0.06625,0,0,0,0
NJ,New Jersey,7752,ATLANTIC HIGHLANDS,0.06625,0.06625,0,0,0,0
NJ,New Jersey,7753,NEPTUNE TOWNSHIP,0.06625,0.06625,0,0,0,0
NJ,New Jersey,7754,NEPTUNE TOWNSHIP,0.06625,0.06625,0,0,0,0
NJ,New Jersey,7755,OCEAN TOWNSHIP (MONMOUTH COUNTY),0.06625,0.06625,0,0,0,0
NJ,New Jersey,7756,NEPTUNE TOWNSHIP,0.06625,0.06625,0,0,0,0
NJ,New Jersey,7757,OCEANPORT BOROUGH,0.06625,0.06625,0,0,0,0
NJ,New Jersey,7758,MIDDLETOWN TOWNSHIP,0.06625,0.06625,0,0,0,0
NJ,New Jersey,7760,RUMSON,0.06625,0.06625,0,0,0,0
NJ,New Jersey,7762,SPRING LAKE HEIGHTS,0.06625,0.06625,0,0,0,0
NJ,New Jersey,7763,MANALAPAN TOWNSHIP,0.06625,0.06625,0,0,0,0
NJ,New Jersey,7764,WEST LONG BRANCH,0.06625,0.06625,0,0,0,0
NJ,New Jersey,7765,MARLBORO TOWNSHIP,0.06625,0.06625,0,0,0,0
NJ,New Jersey,7799,EATONTOWN,0.06625,0.06625,0,0,0,0
NJ,New Jersey,7801,DOVER,0.06625,0.06625,0,0,0,0
NJ,New Jersey,7802,DOVER,0.06625,0.06625,0,0,0,0
NJ,New Jersey,7803,MINE HALL TOWNSHIP,0.06625,0.06625,0,0,0,0
NJ,New Jersey,7806,ROCKAWAY TOWNSHIP,0.06625,0.06625,0,0,0,0
NJ,New Jersey,7820,ALLAMUCHY TOWNSHIP,0.06625,0.06625,0,0,0,0
NJ,New Jersey,7821,BYRAM TOWNSHIP,0.06625,0.06625,0,0,0,0
NJ,New Jersey,7822,FRANKFORD TOWNSHIP,0.06625,0.06625,0,0,0,0
NJ,New Jersey,7823,WHITE TOWNSHIP ,0.06625,0.06625,0,0,0,0
NJ,New Jersey,7825,BLAIRSTOWN CITY,0.06625,0.06625,0,0,0,0
NJ,New Jersey,7826,FRANKFORD TOWNSHIP,0.06625,0.06625,0,0,0,0
NJ,New Jersey,7827,MONTAGUE TOWNSHIP,0.06625,0.06625,0,0,0,0
NJ,New Jersey,7828,MOUNT OLIVE TOWNSHIP,0.06625,0.06625,0,0,0,0
NJ,New Jersey,7829,WHITE TOWNSHIP ,0.06625,0.06625,0,0,0,0
NJ,New Jersey,7830,TEWKSBURY TOWNSHIP,0.06625,0.06625,0,0,0,0
NJ,New Jersey,7831,WASHINGTON TOWNSHIP (WARREN COUNTY),0.06625,0.06625,0,0,0,0
NJ,New Jersey,7832,KNOWLTON TOWNSHIP,0.06625,0.06625,0,0,0,0
NJ,New Jersey,7833,KNOWLTON TOWNSHIP,0.06625,0.06625,0,0,0,0
NJ,New Jersey,7834,DENVILLE TOWNSHIP CITY,0.06625,0.06625,0,0,0,0
NJ,New Jersey,7836,MOUNT OLIVE TOWNSHIP,0.06625,0.06625,0,0,0,0
NJ,New Jersey,7837,HOPATCONG,0.06625,0.06625,0,0,0,0
NJ,New Jersey,7838,LIBERTY TOWNSHIP,0.06625,0.06625,0,0,0,0
NJ,New Jersey,7839,GREEN TOWNSHIP,0.06625,0.06625,0,0,0,0
NJ,New Jersey,7840,HACKETTSTOWN,0.06625,0.06625,0,0,0,0
NJ,New Jersey,7842,ROCKAWAY TOWNSHIP,0.06625,0.06625,0,0,0,0
NJ,New Jersey,7843,HOPATCONG,0.06625,0.06625,0,0,0,0
NJ,New Jersey,7844,HOPE TOWNSHIP,0.06625,0.06625,0,0,0,0
NJ,New Jersey,7845,RANDOLPH,0.06625,0.06625,0,0,0,0
NJ,New Jersey,7846,FRELINGHUYSEN TOWNSHIP,0.06625,0.06625,0,0,0,0
NJ,New Jersey,7847,ROXBURY TOWNSHIP,0.06625,0.06625,0,0,0,0
NJ,New Jersey,7848,LAFAYETTE TOWNSHIP,0.06625,0.06625,0,0,0,0
NJ,New Jersey,7849,JEFFERSON TOWNSHIP,0.06625,0.06625,0,0,0,0
NJ,New Jersey,7850,ROXBURY TOWNSHIP,0.06625,0.06625,0,0,0,0
NJ,New Jersey,7851,SANDYSTON TOWNSHIP,0.06625,0.06625,0,0,0,0
NJ,New Jersey,7852,ROXBURY TOWNSHIP,0.06625,0.06625,0,0,0,0
NJ,New Jersey,7853,WASHINGTON TOWNSHIP(MORRIS COUNTY),0.06625,0.06625,0,0,0,0
NJ,New Jersey,7855,STILLWATER TOWNSHIP,0.06625,0.06625,0,0,0,0
NJ,New Jersey,7856,MOUNT ARLINGTON BOROUGH,0.06625,0.06625,0,0,0,0
NJ,New Jersey,7857,NETCONG  BOROUGH,0.06625,0.06625,0,0,0,0
NJ,New Jersey,7860,NEWTON TOWN,0.06625,0.06625,0,0,0,0
NJ,New Jersey,7863,OXFORD TOWNSHIP,0.06625,0.06625,0,0,0,0
NJ,New Jersey,7865,MANSFIELD TOWNSHIP (WARREN COUNTY),0.06625,0.06625,0,0,0,0
NJ,New Jersey,7866,ROCKAWAY TOWNSHIP,0.06625,0.06625,0,0,0,0
NJ,New Jersey,7869,RANDOLPH,0.06625,0.06625,0,0,0,0
NJ,New Jersey,7870,WASHINGTON TOWNSHIP(MORRIS COUNTY),0.06625,0.06625,0,0,0,0
NJ,New Jersey,7871,SPARTA TOWNSHIP,0.06625,0.06625,0,0,0,0
NJ,New Jersey,7874,STANHOPE,0.06625,0.06625,0,0,0,0
NJ,New Jersey,7875,STILLWATER TOWNSHIP,0.06625,0.06625,0,0,0,0
NJ,New Jersey,7876,ROXBURY TOWNSHIP,0.06625,0.06625,0,0,0,0
NJ,New Jersey,7877,STILLWATER TOWNSHIP,0.06625,0.06625,0,0,0,0
NJ,New Jersey,7878,PARSIPPANY TROY HILLS TOWNSHIP,0.06625,0.06625,0,0,0,0
NJ,New Jersey,7879,GREEN TOWNSHIP,0.06625,0.06625,0,0,0,0
NJ,New Jersey,7880,INDEPENDENCE TOWNSHIP,0.06625,0.06625,0,0,0,0
NJ,New Jersey,7881,WALPACK TOWNSHIP,0.06625,0.06625,0,0,0,0
NJ,New Jersey,7882,WASHINGTON ,0.06625,0.06625,0,0,0,0
NJ,New Jersey,7885,WHARTON ,0.06625,0.06625,0,0,0,0
NJ,New Jersey,7890,BRANCHVILLE ,0.06625,0.06625,0,0,0,0
NJ,New Jersey,7901,SUMMIT,0.06625,0.06625,0,0,0,0
NJ,New Jersey,7902,SUMMIT,0.06625,0.06625,0,0,0,0
NJ,New Jersey,7920,BERNARDS TOWNSHIP,0.06625,0.06625,0,0,0,0
NJ,New Jersey,7921,BEDMINSTER ,0.06625,0.06625,0,0,0,0
NJ,New Jersey,7922,BERKELEY HEIGHTS,0.06625,0.06625,0,0,0,0
NJ,New Jersey,7924,BERNARDSVILLE CITY,0.06625,0.06625,0,0,0,0
NJ,New Jersey,7926,MENDHAM TOWNSHIP,0.06625,0.06625,0,0,0,0
NJ,New Jersey,7927,HANOVER TOWNSHIP,0.06625,0.06625,0,0,0,0
NJ,New Jersey,7928,CHATHAM BOROUGH,0.06625,0.06625,0,0,0,0
NJ,New Jersey,7930,CHESTER TOWNSHIP,0.06625,0.06625,0,0,0,0
NJ,New Jersey,7931,FAR HILLS BOROUGH,0.06625,0.06625,0,0,0,0
NJ,New Jersey,7932,FLORHAM PARK  BOROUGH,0.06625,0.06625,0,0,0,0
NJ,New Jersey,7933,LONG HILL TOWNSHIP,0.06625,0.06625,0,0,0,0
NJ,New Jersey,7934,PEAPACK AND GLADSTONE BOROUGH,0.06625,0.06625,0,0,0,0
NJ,New Jersey,7935,"CHATHAM TOWNSHIP, NJ",0.06625,0.06625,0,0,0,0
NJ,New Jersey,7936,EAST HANOVER TOWNSHIP,0.06625,0.06625,0,0,0,0
NJ,New Jersey,7938,BERNARDS TOWNSHIP,0.06625,0.06625,0,0,0,0
NJ,New Jersey,7939,BERNARDS TOWNSHIP,0.06625,0.06625,0,0,0,0
NJ,New Jersey,7940,MADISON BOROUGH,0.06625,0.06625,0,0,0,0
NJ,New Jersey,7945,MENDHAM BOROUGH,0.06625,0.06625,0,0,0,0
NJ,New Jersey,7946,LONG HILL TOWNSHIP,0.06625,0.06625,0,0,0,0
NJ,New Jersey,7950,PARSIPPANY TROY HILLS TOWNSHIP,0.06625,0.06625,0,0,0,0
NJ,New Jersey,7960,MORRISTOWN TOWN,0.06625,0.06625,0,0,0,0
NJ,New Jersey,7961,MORRIS TOWNSHIP,0.06625,0.06625,0,0,0,0
NJ,New Jersey,7962,MORRIS TOWNSHIP,0.06625,0.06625,0,0,0,0
NJ,New Jersey,7963,MORRISTOWN TOWN,0.06625,0.06625,0,0,0,0
NJ,New Jersey,7970,RANDOLPH,0.06625,0.06625,0,0,0,0
NJ,New Jersey,7974,NEW PROVIDENCE,0.06625,0.06625,0,0,0,0
NJ,New Jersey,7976,HARDING TOWNSHIP,0.06625,0.06625,0,0,0,0
NJ,New Jersey,7977,PEAPACK AND GLADSTONE BOROUGH,0.06625,0.06625,0,0,0,0
NJ,New Jersey,7978,BEDMINSTER ,0.06625,0.06625,0,0,0,0
NJ,New Jersey,7979,TEWKSBURY TOWNSHIP,0.06625,0.06625,0,0,0,0
NJ,New Jersey,7980,LONG HILL TOWNSHIP,0.06625,0.06625,0,0,0,0
NJ,New Jersey,7981,HANOVER TOWNSHIP,0.06625,0.06625,0,0,0,0
NJ,New Jersey,8001,ALLOWAY TOWNSHIP,0.06625,0.06625,0,0,0,0
NJ,New Jersey,8002,"CHERRY HILL, NJ",0.06625,0.06625,0,0,0,0
NJ,New Jersey,8003,"CHERRY HILL, NJ",0.06625,0.06625,0,0,0,0
NJ,New Jersey,8004,WATERFORD TOWNSHIP ,0.06625,0.06625,0,0,0,0
NJ,New Jersey,8005,BARNEGAT TOWNSHIP,0.06625,0.06625,0,0,0,0
NJ,New Jersey,8006,OCEAN COUNTY,0.06625,0.06625,0,0,0,0
NJ,New Jersey,8007,BARRINGTON CITY,0.06625,0.06625,0,0,0,0
NJ,New Jersey,8008,LONG BEACH TOWNSHIP,0.06625,0.06625,0,0,0,0
NJ,New Jersey,8009,BERLIN BOROUGH,0.06625,0.06625,0,0,0,0
NJ,New Jersey,8010,EDGEWATER PARK,0.06625,0.06625,0,0,0,0
NJ,New Jersey,8011,PEMBERTON TOWNSHIP,0.06625,0.06625,0,0,0,0
NJ,New Jersey,8012,GLOUCESTER TOWNSHIP,0.06625,0.06625,0,0,0,0
NJ,New Jersey,8014,LOGAN TOWNSHIP,0.06625,0.06625,0,0,0,0
NJ,New Jersey,8015,PEMBERTON TOWNSHIP,0.06625,0.06625,0,0,0,0
NJ,New Jersey,8016,BURLINGTON TOWNSHIP,0.06625,0.06625,0,0,0,0
NJ,New Jersey,8018,WINSLOW TOWNSHIP ,0.06625,0.06625,0,0,0,0
NJ,New Jersey,8019,WOODLAND TOWNSHIP ,0.06625,0.06625,0,0,0,0
NJ,New Jersey,8020,EAST GREENWICH TOWNSHIP,0.06625,0.06625,0,0,0,0
NJ,New Jersey,8021,LINDENWOLD,0.06625,0.06625,0,0,0,0
NJ,New Jersey,8022,MANSFIELD TOWNSHIP (BURLINGTON COUNTY),0.06625,0.06625,0,0,0,0
NJ,New Jersey,8023,PENNSVILLE TOWNSHIP,0.06625,0.06625,0,0,0,0
NJ,New Jersey,8025,HARRISON TOWNSHIP,0.06625,0.06625,0,0,0,0
NJ,New Jersey,8026,GIBBSBORO BOROUGH,0.06625,0.06625,0,0,0,0
NJ,New Jersey,8027,"GREENWICH TOWNSHIP (GLOUCESTER COUNTY) NY,",0.06625,0.06625,0,0,0,0
NJ,New Jersey,8028,GLASSBORO BOROUGH,0.06625,0.06625,0,0,0,0
NJ,New Jersey,8029,GLOUCESTER TOWNSHIP,0.06625,0.06625,0,0,0,0
NJ,New Jersey,8030,GLOUCESTER CITY,0.06625,0.06625,0,0,0,0
NJ,New Jersey,8031,BELLMAWR CITY,0.06625,0.06625,0,0,0,0
NJ,New Jersey,8032,WASHINGTON TOWNSHIP(GLOUCESTER COUNTY),0.06625,0.06625,0,0,0,0
NJ,New Jersey,8033,HADDONFIELD,0.06625,0.06625,0,0,0,0
NJ,New Jersey,8034,"CHERRY HILL, NJ",0.06625,0.06625,0,0,0,0
NJ,New Jersey,8035,HADDON HEIGHTS BOROUGH,0.06625,0.06625,0,0,0,0
NJ,New Jersey,8036,HAINESPORT TOWNSHIP,0.06625,0.06625,0,0,0,0
NJ,New Jersey,8037,HAMMONTON TOWN,0.06625,0.06625,0,0,0,0
NJ,New Jersey,8038,LOWER ALLOWAYS CREEK TOWNSHIP,0.06625,0.06625,0,0,0,0
NJ,New Jersey,8039,SOUTH HARRISON TOWNSHIP,0.06625,0.06625,0,0,0,0
NJ,New Jersey,8041,SPRINGFIELD TOWNSHIP (BURLINGTON COUNTY),0.06625,0.06625,0,0,0,0
NJ,New Jersey,8042,SPRINGFIELD TOWNSHIP (BURLINGTON COUNTY),0.06625,0.06625,0,0,0,0
NJ,New Jersey,8043,VOORHEES TOWNSHIP ,0.06625,0.06625,0,0,0,0
NJ,New Jersey,8045,LAWNSIDE,0.06625,0.06625,0,0,0,0
NJ,New Jersey,8046,WILLINGBORO TOWNSHIP ,0.06625,0.06625,0,0,0,0
NJ,New Jersey,8048,LUMBERTON TOWNSHIP,0.06625,0.06625,0,0,0,0
NJ,New Jersey,8049,MAGNOLIA BOROUGH,0.06625,0.06625,0,0,0,0
NJ,New Jersey,8050,STAFFORD TOWNSHIP,0.06625,0.06625,0,0,0,0
NJ,New Jersey,8051,MANTUA TOWNSHIP,0.06625,0.06625,0,0,0,0
NJ,New Jersey,8052,MAPLE SHADE TOWNSHIP,0.06625,0.06625,0,0,0,0
NJ,New Jersey,8053,EVESHAM TOWNSHIP,0.06625,0.06625,0,0,0,0
NJ,New Jersey,8054,MOUNT LAUREL TOWNSHIP,0.06625,0.06625,0,0,0,0
NJ,New Jersey,8055,MEDFORD TOWNSHIP,0.06625,0.06625,0,0,0,0
NJ,New Jersey,8056,EAST GREENWICH TOWNSHIP,0.06625,0.06625,0,0,0,0
NJ,New Jersey,8057,MOORESTOWN TOWNSHIP,0.06625,0.06625,0,0,0,0
NJ,New Jersey,8059,MOUNT EPHRAIM BOROUGH,0.06625,0.06625,0,0,0,0
NJ,New Jersey,8060,MOUNT HOLLY,0.06625,0.06625,0,0,0,0
NJ,New Jersey,8061,EAST GREENWICH TOWNSHIP,0.06625,0.06625,0,0,0,0
NJ,New Jersey,8062,HARRISON TOWNSHIP,0.06625,0.06625,0,0,0,0
NJ,New Jersey,8063,NATIONAL PARK BOROUGH,0.06625,0.06625,0,0,0,0
NJ,New Jersey,8064,PEMBERTON TOWNSHIP,0.06625,0.06625,0,0,0,0
NJ,New Jersey,8065,PALMYRA BOROUGH,0.06625,0.06625,0,0,0,0
NJ,New Jersey,8066,PAULSBORO,0.06625,0.06625,0,0,0,0
NJ,New Jersey,8067,OLDMANS TOWNSHIP,0.06625,0.06625,0,0,0,0
NJ,New Jersey,8068,PEMBERTON BOROUGH,0.06625,0.06625,0,0,0,0
NJ,New Jersey,8069,CARNEYS POINT TOWNSHIP,0.06625,0.06625,0,0,0,0
NJ,New Jersey,8070,PENNSVILLE TOWNSHIP,0.06625,0.06625,0,0,0,0
NJ,New Jersey,8071,PITMAN,0.06625,0.06625,0,0,0,0
NJ,New Jersey,8072,QUINTON TOWNSHIP,0.06625,0.06625,0,0,0,0
NJ,New Jersey,8073,WESTAMPTON TOWNSHIP ,0.06625,0.06625,0,0,0,0
NJ,New Jersey,8074,HARRISON TOWNSHIP,0.06625,0.06625,0,0,0,0
NJ,New Jersey,8075,DELRAN TOWNSHIP,0.06625,0.06625,0,0,0,0
NJ,New Jersey,8076,RIVERTON,0.06625,0.06625,0,0,0,0
NJ,New Jersey,8077,CINNAMINSON TOWNSHIP,0.06625,0.06625,0,0,0,0
NJ,New Jersey,8078,RUNNEMEDE,0.06625,0.06625,0,0,0,0
NJ,New Jersey,8079,SALEM,0.06625,0.06625,0,0,0,0
NJ,New Jersey,8080,WASHINGTON TOWNSHIP(GLOUCESTER COUNTY),0.06625,0.06625,0,0,0,0
NJ,New Jersey,8081,WINSLOW TOWNSHIP ,0.06625,0.06625,0,0,0,0
NJ,New Jersey,8083,SOMERDALE,0.06625,0.06625,0,0,0,0
NJ,New Jersey,8084,STRATFORD,0.06625,0.06625,0,0,0,0
NJ,New Jersey,8085,WOOLWICH TOWNSHIP ,0.06625,0.06625,0,0,0,0
NJ,New Jersey,8086,WEST DEPTFORD TOWNSHIP,0.06625,0.06625,0,0,0,0
NJ,New Jersey,8087,LITTLE EGG HARBOR TOWNSHIP,0.06625,0.06625,0,0,0,0
NJ,New Jersey,8088,SOUTHAMPTON TOWNSHIP,0.06625,0.06625,0,0,0,0
NJ,New Jersey,8089,"CHESILHURST CITY, NJ",0.06625,0.06625,0,0,0,0
NJ,New Jersey,8090,DEPTFORD TOWNSHIP CITY,0.06625,0.06625,0,0,0,0
NJ,New Jersey,8091,BERLIN TOWNSHIP,0.06625,0.06625,0,0,0,0
NJ,New Jersey,8092,EAGLESWOOD TOWNSHIP,0.06625,0.06625,0,0,0,0
NJ,New Jersey,8093,DEPTFORD TOWNSHIP CITY,0.06625,0.06625,0,0,0,0
NJ,New Jersey,8094,MONROE TOWNSHIP (GLOUCESTER COUNTY),0.06625,0.06625,0,0,0,0
NJ,New Jersey,8095,WINSLOW TOWNSHIP ,0.06625,0.06625,0,0,0,0
NJ,New Jersey,8096,DEPTFORD TOWNSHIP CITY,0.06625,0.06625,0,0,0,0
NJ,New Jersey,8097,WOODBURY HEIGHTS ,0.06625,0.06625,0,0,0,0
NJ,New Jersey,8098,PILESGROVE TOWNSHIP,0.06625,0.06625,0,0,0,0
NJ,New Jersey,8099,BELLMAWR CITY,0.06625,0.06625,0,0,0,0
NJ,New Jersey,8101,CAMDEN ,0.06625,0.06625,0,0,0,0
NJ,New Jersey,8102,CAMDEN ,0.06625,0.06625,0,0,0,0
NJ,New Jersey,8103,CAMDEN ,0.06625,0.06625,0,0,0,0
NJ,New Jersey,8104,CAMDEN ,0.06625,0.06625,0,0,0,0
NJ,New Jersey,8105,CAMDEN ,0.06625,0.06625,0,0,0,0
NJ,New Jersey,8106,AUDUBON ,0.06625,0.06625,0,0,0,0
NJ,New Jersey,8107,COLLINGSWOOD ,0.06625,0.06625,0,0,0,0
NJ,New Jersey,8108,COLLINGSWOOD ,0.06625,0.06625,0,0,0,0
NJ,New Jersey,8109,PENNSAUKEN TOWNSHIP,0.06625,0.06625,0,0,0,0
NJ,New Jersey,8110,PENNSAUKEN TOWNSHIP,0.06625,0.06625,0,0,0,0
NJ,New Jersey,8201,ABSECON CITY,0.06625,0.06625,0,0,0,0
NJ,New Jersey,8202,AVALON CITY,0.06625,0.06625,0,0,0,0
NJ,New Jersey,8203,BRIGANTINE CITY,0.06625,0.06625,0,0,0,0
NJ,New Jersey,8204,LOWER TOWNSHIP,0.06625,0.06625,0,0,0,0
NJ,New Jersey,8205,GALLOWAY TOWNSHIP,0.06625,0.06625,0,0,0,0
NJ,New Jersey,8210,MIDDLE TOWNSHIP,0.06625,0.06625,0,0,0,0
NJ,New Jersey,8212,CAPE MAY POINT CITY,0.06625,0.06625,0,0,0,0
NJ,New Jersey,8213,GALLOWAY TOWNSHIP,0.06625,0.06625,0,0,0,0
NJ,New Jersey,8214,DENNIS TOWNSHIP CITY,0.06625,0.06625,0,0,0,0
NJ,New Jersey,8215,EGG HARBOR CITY,0.06625,0.06625,0,0,0,0
NJ,New Jersey,8217,MULLICA TOWNSHIP,0.06625,0.06625,0,0,0,0
NJ,New Jersey,8218,MIDDLE TOWNSHIP,0.06625,0.06625,0,0,0,0
NJ,New Jersey,8219,MIDDLE TOWNSHIP,0.06625,0.06625,0,0,0,0
NJ,New Jersey,8220,GALLOWAY TOWNSHIP,0.06625,0.06625,0,0,0,0
NJ,New Jersey,8221,LINWOOD,0.06625,0.06625,0,0,0,0
NJ,New Jersey,8223,UPPER TOWNSHIP,0.06625,0.06625,0,0,0,0
NJ,New Jersey,8224,BASS RIVER TOWNSHIP CITY,0.06625,0.06625,0,0,0,0
NJ,New Jersey,8225,NORTHFIELD,0.06625,0.06625,0,0,0,0
NJ,New Jersey,8226,OCEAN CITY,0.06625,0.06625,0,0,0,0
NJ,New Jersey,8230,UPPER TOWNSHIP,0.06625,0.06625,0,0,0,0
NJ,New Jersey,8231,GALLOWAY TOWNSHIP,0.06625,0.06625,0,0,0,0
NJ,New Jersey,8232,PLEASANTVILLE ,0.06625,0.06625,0,0,0,0
NJ,New Jersey,8234,EGG HARBOR TOWNSHIP,0.06625,0.06625,0,0,0,0
NJ,New Jersey,8240,GALLOWAY TOWNSHIP,0.06625,0.06625,0,0,0,0
NJ,New Jersey,8241,PORT REPUBLIC,0.06625,0.06625,0,0,0,0
NJ,New Jersey,8242,MIDDLE TOWNSHIP,0.06625,0.06625,0,0,0,0
NJ,New Jersey,8243,SEA ISLE CITY,0.06625,0.06625,0,0,0,0
NJ,New Jersey,8244,SOMERS POINT,0.06625,0.06625,0,0,0,0
NJ,New Jersey,8245,DENNIS TOWNSHIP CITY,0.06625,0.06625,0,0,0,0
NJ,New Jersey,8246,DENNIS TOWNSHIP CITY,0.06625,0.06625,0,0,0,0
NJ,New Jersey,8247,STONE HARBOR,0.06625,0.06625,0,0,0,0
NJ,New Jersey,8248,UPPER TOWNSHIP,0.06625,0.06625,0,0,0,0
NJ,New Jersey,8250,UPPER TOWNSHIP,0.06625,0.06625,0,0,0,0
NJ,New Jersey,8251,LOWER TOWNSHIP,0.06625,0.06625,0,0,0,0
NJ,New Jersey,8252,MIDDLE TOWNSHIP,0.06625,0.06625,0,0,0,0
NJ,New Jersey,8260,NORTH WILDWOOD,0.06625,0.06625,0,0,0,0
NJ,New Jersey,8270,WOODBINE ,0.06625,0.06625,0,0,0,0
NJ,New Jersey,8302,BRIDGETON CITY,0.06625,0.06625,0,0,0,0
NJ,New Jersey,8310,BUENA VISTA TOWNSHIP,0.06625,0.06625,0,0,0,0
NJ,New Jersey,8311,LAWRENCE TOWNSHIP (CUMBERLAND COUNTY),0.06625,0.06625,0,0,0,0
NJ,New Jersey,8312,CLAYTON ,0.06625,0.06625,0,0,0,0
NJ,New Jersey,8313,UPPER DEERFIELD TOWNSHIP ,0.06625,0.06625,0,0,0,0
NJ,New Jersey,8314,MAURICE RIVER TOWNSHIP,0.06625,0.06625,0,0,0,0
NJ,New Jersey,8315,DOWNE TOWNSHIP,0.06625,0.06625,0,0,0,0
NJ,New Jersey,8316,MAURICE RIVER TOWNSHIP,0.06625,0.06625,0,0,0,0
NJ,New Jersey,8317,WEYMOUTH TOWNSHIP ,0.06625,0.06625,0,0,0,0
NJ,New Jersey,8318,PITTSGROVE TOWNSHIP,0.06625,0.06625,0,0,0,0
NJ,New Jersey,8319,ESTELL MANOR CITY,0.06625,0.06625,0,0,0,0
NJ,New Jersey,8320,FAIRFIELD TOWNSHIP (CUMBERLAND COUNTY),0.06625,0.06625,0,0,0,0
NJ,New Jersey,8321,DOWNE TOWNSHIP,0.06625,0.06625,0,0,0,0
NJ,New Jersey,8322,FRANKLIN TOWNSHIP (GLOUCESTER COUNTY),0.06625,0.06625,0,0,0,0
NJ,New Jersey,8323,GREENWICH TOWNSHIP (CUMBERLAND COUNTY),0.06625,0.06625,0,0,0,0
NJ,New Jersey,8324,MAURICE RIVER TOWNSHIP,0.06625,0.06625,0,0,0,0
NJ,New Jersey,8326,BUENA CITY,0.06625,0.06625,0,0,0,0
NJ,New Jersey,8327,MAURICE RIVER TOWNSHIP,0.06625,0.06625,0,0,0,0
NJ,New Jersey,8328,FRANKLIN TOWNSHIP (GLOUCESTER COUNTY),0.06625,0.06625,0,0,0,0
NJ,New Jersey,8329,COMMERCIAL TOWNSHIP,0.06625,0.06625,0,0,0,0
NJ,New Jersey,8330,HAMILTON TOWNSHIP (ATLANTIC COUNTY),0.06625,0.06625,0,0,0,0
NJ,New Jersey,8332,MILLVILLE ,0.06625,0.06625,0,0,0,0
NJ,New Jersey,8340,BUENA VISTA TOWNSHIP,0.06625,0.06625,0,0,0,0
NJ,New Jersey,8341,BUENA CITY,0.06625,0.06625,0,0,0,0
NJ,New Jersey,8342,HAMILTON TOWNSHIP (ATLANTIC COUNTY),0.06625,0.06625,0,0,0,0
NJ,New Jersey,8343,ELK TOWNSHIP,0.06625,0.06625,0,0,0,0
NJ,New Jersey,8344,FRANKLIN TOWNSHIP (GLOUCESTER COUNTY),0.06625,0.06625,0,0,0,0
NJ,New Jersey,8345,DOWNE TOWNSHIP,0.06625,0.06625,0,0,0,0
NJ,New Jersey,8346,BUENA VISTA TOWNSHIP,0.06625,0.06625,0,0,0,0
NJ,New Jersey,8347,PITTSGROVE TOWNSHIP,0.06625,0.06625,0,0,0,0
NJ,New Jersey,8348,MAURICE RIVER TOWNSHIP,0.06625,0.06625,0,0,0,0
NJ,New Jersey,8349,COMMERCIAL TOWNSHIP,0.06625,0.06625,0,0,0,0
NJ,New Jersey,8350,BUENA VISTA TOWNSHIP,0.06625,0.06625,0,0,0,0
NJ,New Jersey,8352,DEERFIELD TOWNSHIP,0.06625,0.06625,0,0,0,0
NJ,New Jersey,8353,SHILOH,0.06625,0.06625,0,0,0,0
NJ,New Jersey,8360,VINELAND,0.06625,0.06625,0,0,0,0
NJ,New Jersey,8361,VINELAND,0.06625,0.06625,0,0,0,0
NJ,New Jersey,8362,VINELAND,0.06625,0.06625,0,0,0,0
NJ,New Jersey,8401,ATLANTIC CITY,0.06625,0.06625,0,0,0,0
NJ,New Jersey,8402,MARGATE CITY CITY,0.06625,0.06625,0,0,0,0
NJ,New Jersey,8403,LONGPORT BOROUGH,0.06625,0.06625,0,0,0,0
NJ,New Jersey,8404,ATLANTIC CITY,0.06625,0.06625,0,0,0,0
NJ,New Jersey,8405,ATLANTIC CITY,0.06625,0.06625,0,0,0,0
NJ,New Jersey,8406,VENTNOR CITY,0.06625,0.06625,0,0,0,0
NJ,New Jersey,8501,UPPER FREEHOLD TOWNSHIP ,0.06625,0.06625,0,0,0,0
NJ,New Jersey,8502,MONTGOMERY TOWNSHIP,0.06625,0.06625,0,0,0,0
NJ,New Jersey,8504,MONTGOMERY TOWNSHIP,0.06625,0.06625,0,0,0,0
NJ,New Jersey,8505,BORDENTOWN TOWNSHIP,0.06625,0.06625,0,0,0,0
NJ,New Jersey,8510,MILLSTONE TOWNSHIP,0.06625,0.06625,0,0,0,0
NJ,New Jersey,8511,NEW HANOVER TOWNSHIP,0.06625,0.06625,0,0,0,0
NJ,New Jersey,8512,CRANBURY CITY,0.06625,0.06625,0,0,0,0
NJ,New Jersey,8514,UPPER FREEHOLD TOWNSHIP ,0.06625,0.06625,0,0,0,0
NJ,New Jersey,8515,CHESTERFIELD TOWNSHIP,0.06625,0.06625,0,0,0,0
NJ,New Jersey,8518,FLORENCE TOWNSHIP,0.06625,0.06625,0,0,0,0
NJ,New Jersey,8520,EAST WINDSOR TOWNSHIP,0.06625,0.06625,0,0,0,0
NJ,New Jersey,8525,HOPEWELL,0.06625,0.06625,0,0,0,0
NJ,New Jersey,8527,JACKSON TOWNSHIP,0.06625,0.06625,0,0,0,0
NJ,New Jersey,8528,FRANKLIN TOWNSHIP (SOMERSET COUNTY),0.06625,0.06625,0,0,0,0
NJ,New Jersey,8530,LAMBERTVILLE,0.06625,0.06625,0,0,0,0
NJ,New Jersey,8533,PLUMSTED TOWNSHIP,0.06625,0.06625,0,0,0,0
NJ,New Jersey,8534,HOPEWELL TOWNSHIP (MERCER COUNTY),0.06625,0.06625,0,0,0,0
NJ,New Jersey,8535,MILLSTONE TOWNSHIP,0.06625,0.06625,0,0,0,0
NJ,New Jersey,8536,PLAINSBORO TOWNSHIP,0.06625,0.06625,0,0,0,0
NJ,New Jersey,8540,PRINCETON,0.06625,0.06625,0,0,0,0
NJ,New Jersey,8542,PRINCETON,0.06625,0.06625,0,0,0,0
NJ,New Jersey,8543,WEST WINDSOR TOWNSHIP ,0.06625,0.06625,0,0,0,0
NJ,New Jersey,8544,PRINCETON,0.06625,0.06625,0,0,0,0
NJ,New Jersey,8550,WEST WINDSOR TOWNSHIP ,0.06625,0.06625,0,0,0,0
NJ,New Jersey,8551,EAST AMWELL TOWNSHIP,0.06625,0.06625,0,0,0,0
NJ,New Jersey,8553,ROCKY HILL,0.06625,0.06625,0,0,0,0
NJ,New Jersey,8554,FLORENCE TOWNSHIP,0.06625,0.06625,0,0,0,0
NJ,New Jersey,8555,ROOSEVELT,0.06625,0.06625,0,0,0,0
NJ,New Jersey,8556,DELAWARE TOWNSHIP,0.06625,0.06625,0,0,0,0
NJ,New Jersey,8557,DELAWARE TOWNSHIP,0.06625,0.06625,0,0,0,0
NJ,New Jersey,8558,MONTGOMERY TOWNSHIP,0.06625,0.06625,0,0,0,0
NJ,New Jersey,8559,DELAWARE TOWNSHIP,0.06625,0.06625,0,0,0,0
NJ,New Jersey,8560,HOPEWELL TOWNSHIP (MERCER COUNTY),0.06625,0.06625,0,0,0,0
NJ,New Jersey,8561,ROBBINSVILLE TOWNSHIP,0.06625,0.06625,0,0,0,0
NJ,New Jersey,8562,NORTH HANOVER TOWNSHIP,0.06625,0.06625,0,0,0,0
NJ,New Jersey,8601,TRENTON ,0.06625,0.06625,0,0,0,0
NJ,New Jersey,8602,TRENTON ,0.06625,0.06625,0,0,0,0
NJ,New Jersey,8603,TRENTON ,0.06625,0.06625,0,0,0,0
NJ,New Jersey,8604,TRENTON ,0.06625,0.06625,0,0,0,0
NJ,New Jersey,8605,TRENTON ,0.06625,0.06625,0,0,0,0
NJ,New Jersey,8606,TRENTON ,0.06625,0.06625,0,0,0,0
NJ,New Jersey,8607,TRENTON ,0.06625,0.06625,0,0,0,0
NJ,New Jersey,8608,TRENTON ,0.06625,0.06625,0,0,0,0
NJ,New Jersey,8609,TRENTON ,0.06625,0.06625,0,0,0,0
NJ,New Jersey,8610,HAMILTON TOWNSHIP (MERCER COUNTY),0.06625,0.06625,0,0,0,0
NJ,New Jersey,8611,TRENTON ,0.06625,0.06625,0,0,0,0
NJ,New Jersey,8618,TRENTON ,0.06625,0.06625,0,0,0,0
NJ,New Jersey,8619,HAMILTON TOWNSHIP (MERCER COUNTY),0.06625,0.06625,0,0,0,0
NJ,New Jersey,8620,HAMILTON TOWNSHIP (MERCER COUNTY),0.06625,0.06625,0,0,0,0
NJ,New Jersey,8628,EWING TOWNSHIP,0.06625,0.06625,0,0,0,0
NJ,New Jersey,8629,HAMILTON TOWNSHIP (MERCER COUNTY),0.06625,0.06625,0,0,0,0
NJ,New Jersey,8638,EWING TOWNSHIP,0.06625,0.06625,0,0,0,0
NJ,New Jersey,8640,NEW HANOVER TOWNSHIP,0.06625,0.06625,0,0,0,0
NJ,New Jersey,8641,NORTH HANOVER TOWNSHIP,0.06625,0.06625,0,0,0,0
NJ,New Jersey,8648,LAWRENCE TOWNSHIP (MERCER COUNTY),0.06625,0.06625,0,0,0,0
NJ,New Jersey,8650,HAMILTON TOWNSHIP (MERCER COUNTY),0.06625,0.06625,0,0,0,0
NJ,New Jersey,8690,HAMILTON TOWNSHIP (MERCER COUNTY),0.06625,0.06625,0,0,0,0
NJ,New Jersey,8691,ROBBINSVILLE TOWNSHIP,0.06625,0.06625,0,0,0,0
NJ,New Jersey,8701,LAKEWOOD TOWNSHIP,0.06625,0.06625,0,0,0,0
NJ,New Jersey,8720,WALL TOWNSHIP ,0.06625,0.06625,0,0,0,0
NJ,New Jersey,8721,BERKELEY TOWNSHIP,0.06625,0.06625,0,0,0,0
NJ,New Jersey,8722,BEACHWOOD CITY,0.06625,0.06625,0,0,0,0
NJ,New Jersey,8723,BRICK TOWNSHIP,0.06625,0.06625,0,0,0,0
NJ,New Jersey,8724,BRICK TOWNSHIP,0.06625,0.06625,0,0,0,0
NJ,New Jersey,8730,BRIELLE CITY,0.06625,0.06625,0,0,0,0
NJ,New Jersey,8731,LACEY TOWNSHIP,0.06625,0.06625,0,0,0,0
NJ,New Jersey,8732,ISLAND HEIGHTS,0.06625,0.06625,0,0,0,0
NJ,New Jersey,8733,LAKEHURST,0.06625,0.06625,0,0,0,0
NJ,New Jersey,8734,LACEY TOWNSHIP,0.06625,0.06625,0,0,0,0
NJ,New Jersey,8735,TOMS RIVER ,0.06625,0.06625,0,0,0,0
NJ,New Jersey,8736,MANASQUAN BOROUGH,0.06625,0.06625,0,0,0,0
NJ,New Jersey,8738,BRICK TOWNSHIP,0.06625,0.06625,0,0,0,0
NJ,New Jersey,8739,BRICK TOWNSHIP,0.06625,0.06625,0,0,0,0
NJ,New Jersey,8740,OCEAN GATE BOROUGH,0.06625,0.06625,0,0,0,0
NJ,New Jersey,8741,PINE BEACH,0.06625,0.06625,0,0,0,0
NJ,New Jersey,8742,POINT PLEASANT,0.06625,0.06625,0,0,0,0
NJ,New Jersey,8750,SEA GIRT,0.06625,0.06625,0,0,0,0
NJ,New Jersey,8751,SEASIDE HEIGHTS,0.06625,0.06625,0,0,0,0
NJ,New Jersey,8752,SEASIDE PARK,0.06625,0.06625,0,0,0,0
NJ,New Jersey,8753,TOMS RIVER ,0.06625,0.06625,0,0,0,0
NJ,New Jersey,8754,TOMS RIVER ,0.06625,0.06625,0,0,0,0
NJ,New Jersey,8755,TOMS RIVER ,0.06625,0.06625,0,0,0,0
NJ,New Jersey,8757,MANCHESTER TOWNSHIP,0.06625,0.06625,0,0,0,0
NJ,New Jersey,8758,OCEAN TOWNSHIP (OCEAN COUNTY),0.06625,0.06625,0,0,0,0
NJ,New Jersey,8759,MANCHESTER TOWNSHIP,0.06625,0.06625,0,0,0,0
NJ,New Jersey,8801,CLINTON TOWNSHIP,0.06625,0.06625,0,0,0,0
NJ,New Jersey,8802,BETHLEHEM TOWNSHIP,0.06625,0.06625,0,0,0,0
NJ,New Jersey,8803,KINGWOOD TOWNSHIP,0.06625,0.06625,0,0,0,0
NJ,New Jersey,8804,HUNTERDON COUNTY,0.06625,0.06625,0,0,0,0
NJ,New Jersey,8805,BOUND BROOK ,0.06625,0.06625,0,0,0,0
NJ,New Jersey,8807,BRIDGEWATER TOWNSHIP,0.06625,0.06625,0,0,0,0
NJ,New Jersey,8808,FRANKLIN TOWNSHIP (WARREN COUNTY),0.06625,0.06625,0,0,0,0
NJ,New Jersey,8809,CLINTON CITY,0.06625,0.06625,0,0,0,0
NJ,New Jersey,8810,SOUTH BRUNSWICK,0.06625,0.06625,0,0,0,0
NJ,New Jersey,8812,DUNELLEN BOROUGH,0.06625,0.06625,0,0,0,0
NJ,New Jersey,8816,EAST BRUNSWICK TOWNSHIP,0.06625,0.06625,0,0,0,0
NJ,New Jersey,8817,EDISON,0.06625,0.06625,0,0,0,0
NJ,New Jersey,8818,EDISON,0.06625,0.06625,0,0,0,0
NJ,New Jersey,8820,EDISON,0.06625,0.06625,0,0,0,0
NJ,New Jersey,8821,HILLSBOROUGH TOWNSHIP,0.06625,0.06625,0,0,0,0
NJ,New Jersey,8822,RARITAN TOWNSHIP,0.06625,0.06625,0,0,0,0
NJ,New Jersey,8823,FRANKLIN TOWNSHIP (SOMERSET COUNTY),0.06625,0.06625,0,0,0,0
NJ,New Jersey,8824,SOUTH BRUNSWICK,0.06625,0.06625,0,0,0,0
NJ,New Jersey,8825,KINGWOOD TOWNSHIP,0.06625,0.06625,0,0,0,0
NJ,New Jersey,8826,LEBANON TOWNSHIP,0.06625,0.06625,0,0,0,0
NJ,New Jersey,8827,HAMPTON  BOROUGH,0.06625,0.06625,0,0,0,0
NJ,New Jersey,8828,HELMETTA,0.06625,0.06625,0,0,0,0
NJ,New Jersey,8829,HIGH BRIDGE,0.06625,0.06625,0,0,0,0
NJ,New Jersey,8830,WOODBRIDGE TOWNSHIP ,0.06625,0.06625,0,0,0,0
NJ,New Jersey,8831,MONROE TOWNSHIP (MIDDLESEX COUNTY),0.06625,0.06625,0,0,0,0
NJ,New Jersey,8832,WOODBRIDGE TOWNSHIP ,0.06625,0.06625,0,0,0,0
NJ,New Jersey,8833,CLINTON TOWNSHIP,0.06625,0.06625,0,0,0,0
NJ,New Jersey,8835,MANVILLE  BOROUGH,0.06625,0.06625,0,0,0,0
NJ,New Jersey,8836,BRIDGEWATER TOWNSHIP,0.06625,0.06625,0,0,0,0
NJ,New Jersey,8837,EDISON,0.06625,0.06625,0,0,0,0
NJ,New Jersey,8840,METUCHEN BOROUGH,0.06625,0.06625,0,0,0,0
NJ,New Jersey,8844,HILLSBOROUGH TOWNSHIP,0.06625,0.06625,0,0,0,0
NJ,New Jersey,8846,"MIDDLESEX BOROUGH, NY",0.06625,0.06625,0,0,0,0
NJ,New Jersey,8848,HOLLAND TOWNSHIP,0.06625,0.06625,0,0,0,0
NJ,New Jersey,8850,MILLTOWN,0.06625,0.06625,0,0,0,0
NJ,New Jersey,8852,SOUTH BRUNSWICK,0.06625,0.06625,0,0,0,0
NJ,New Jersey,8853,BRANCHBURG CITY,0.06625,0.06625,0,0,0,0
NJ,New Jersey,8854,PISCATAWAY,0.06625,0.06625,0,0,0,0
NJ,New Jersey,8855,PISCATAWAY,0.06625,0.06625,0,0,0,0
NJ,New Jersey,8857,OLD BRIDGE TOWNSHIP,0.06625,0.06625,0,0,0,0
NJ,New Jersey,8858,TEWKSBURY TOWNSHIP,0.06625,0.06625,0,0,0,0
NJ,New Jersey,8859,SAYREVILLE,0.06625,0.06625,0,0,0,0
NJ,New Jersey,8861,PERTH AMBOY,0.06625,0.06625,0,0,0,0
NJ,New Jersey,8862,PERTH AMBOY,0.06625,0.06625,0,0,0,0
NJ,New Jersey,8863,WOODBRIDGE TOWNSHIP ,0.06625,0.06625,0,0,0,0
NJ,New Jersey,8865,PHILLIPSBURG,0.06625,0.06625,0,0,0,0
NJ,New Jersey,8867,FRANKLIN TOWNSHIP (HUNTERDON COUNTY),0.06625,0.06625,0,0,0,0
NJ,New Jersey,8868,FRANKLIN TOWNSHIP (HUNTERDON COUNTY),0.06625,0.06625,0,0,0,0
NJ,New Jersey,8869,RARITAN ,0.06625,0.06625,0,0,0,0
NJ,New Jersey,8870,READINGTON TOWNSHIP,0.06625,0.06625,0,0,0,0
NJ,New Jersey,8872,SAYREVILLE,0.06625,0.06625,0,0,0,0
NJ,New Jersey,8873,FRANKLIN TOWNSHIP (SOMERSET COUNTY),0.06625,0.06625,0,0,0,0
NJ,New Jersey,8875,FRANKLIN TOWNSHIP (SOMERSET COUNTY),0.06625,0.06625,0,0,0,0
NJ,New Jersey,8876,SOMERVILLE,0.06625,0.06625,0,0,0,0
NJ,New Jersey,8879,SOUTH AMBOY,0.06625,0.06625,0,0,0,0
NJ,New Jersey,8880,SOUTH BOUND BROOK,0.06625,0.06625,0,0,0,0
NJ,New Jersey,8882,SOUTH RIVER,0.06625,0.06625,0,0,0,0
NJ,New Jersey,8884,SPOTSWOOD,0.06625,0.06625,0,0,0,0
NJ,New Jersey,8885,READINGTON TOWNSHIP,0.06625,0.06625,0,0,0,0
NJ,New Jersey,8886,GREENWICH TOWNSHIP (WARREN COUNTY),0.06625,0.06625,0,0,0,0
NJ,New Jersey,8887,READINGTON TOWNSHIP,0.06625,0.06625,0,0,0,0
NJ,New Jersey,8888,READINGTON TOWNSHIP,0.06625,0.06625,0,0,0,0
NJ,New Jersey,8889,READINGTON TOWNSHIP,0.06625,0.06625,0,0,0,0
NJ,New Jersey,8899,EDISON,0.06625,0.06625,0,0,0,0
NJ,New Jersey,8901,NEW BRUNSWICK CITY,0.06625,0.06625,0,0,0,0
NJ,New Jersey,8902,NORTH BRUNSWICK TOWNSHIP,0.06625,0.06625,0,0,0,0
NJ,New Jersey,8903,NEW BRUNSWICK CITY,0.06625,0.06625,0,0,0,0
NJ,New Jersey,8904,HIGHLAND PARK,0.06625,0.06625,0,0,0,0
NJ,New Jersey,8906,EDISON,0.06625,0.06625,0,0,0,0
NJ,New Jersey,8933,NEW BRUNSWICK CITY,0.06625,0.06625,0,0,0,0
